host,_time,CPU_95th_Perc
153lt8728s.example.com,11:00,34.02241935483871
49y0s4e6yi.example.com,11:00,38.492
sdzdee1884.example.com,11:00,25.535625
