host,_time,CPU_95th_Perc
153lt8728s.example.com,15:00,40.00701754385965
49y0s4e6yi.example.com,15:00,48.96794117647059
