host,_time,CPU_95th_Perc
153lt8728s.example.com,12:00,37.77372881355932
49y0s4e6yi.example.com,12:00,44.650952380952376
