host,_time,CPU_95th_Perc
153lt8728s.example.com,09:00,32.74205882352941
7273jkfx4z.example.com,09:00,33.846666666666664
e4nbk2okh9.example.com,09:00,31.56
e9c0p498v1.example.com,09:00,41.68
