host,_time,CPU_95th_Perc
153lt8728s.example.com,10:00,40.22142857142857
49y0s4e6yi.example.com,10:00,35.55384615384615
