host,_time,CPU_95th_Perc
153lt8728s.example.com,12:00,40.41333333333333
1cyu1x57x7.example.com,12:00,28.749166666666667
3gca88v992.example.com,12:00,30.60090909090909
49y0s4e6yi.example.com,12:00,44.10918367346939
56x0n7pu1o.example.com,12:00,37.06793103448276
8k83n86v9q.example.com,12:00,32.525
dqa331kq4u.example.com,12:00,27.07625
m69r5o347z.example.com,12:00,30.42333333333333
o8i2ra74nx.example.com,12:00,31.47666666666667
