host,_time,CPU_95th_Perc
1cyu1x57x7.example.com,14:00,22.941538461538464
3gca88v992.example.com,14:00,33.67071428571429
56x0n7pu1o.example.com,14:00,35.29227272727273
8k83n86v9q.example.com,14:00,29.02769230769231
dqa331kq4u.example.com,14:00,21.2475
m69r5o347z.example.com,14:00,27.111666666666668
o8i2ra74nx.example.com,14:00,31.114166666666662
