host,_time,CPU_95th_Perc
1cyu1x57x7.example.com,13:00,26.1475
8k83n86v9q.example.com,13:00,29.645
dqa331kq4u.example.com,13:00,28.383888888888887
m69r5o347z.example.com,13:00,26.59230769230769
