host,_time,CPU_95th_Perc
153lt8728s.example.com,11:00,36.46981481481481
1cyu1x57x7.example.com,11:00,25.75769230769231
3gca88v992.example.com,11:00,29.74
49y0s4e6yi.example.com,11:00,31.946938775510205
56x0n7pu1o.example.com,11:00,37.03285714285715
8k83n86v9q.example.com,11:00,34.441538461538464
dqa331kq4u.example.com,11:00,27.217857142857145
m69r5o347z.example.com,11:00,32.575
o8i2ra74nx.example.com,11:00,22.72230769230769
