host,_time,CPU_95th_Perc
153lt8728s.example.com,13:00,43.515671641791045
3gca88v992.example.com,13:00,38.71
56x0n7pu1o.example.com,13:00,34.707647058823525
o8i2ra74nx.example.com,13:00,36.204
