host,_time,CPU_95th_Perc
153lt8728s.example.com,09:00,39.98586206896552
1cyu1x57x7.example.com,09:00,36.23
3gca88v992.example.com,09:00,38.672
49y0s4e6yi.example.com,09:00,38.555
8k83n86v9q.example.com,09:00,38.164
m69r5o347z.example.com,09:00,39.24090909090909
o8i2ra74nx.example.com,09:00,42.57888888888888
