host,_time,CPU_95th_Perc
3gca88v992.example.com,10:00,29.135454545454547
49y0s4e6yi.example.com,10:00,32.505428571428574
56x0n7pu1o.example.com,10:00,33.87894736842105
8k83n86v9q.example.com,10:00,25.55181818181818
dqa331kq4u.example.com,10:00,31.28857142857143
m69r5o347z.example.com,10:00,26.28
o8i2ra74nx.example.com,10:00,30.48636363636364
