host,_time,CPU_95th_Perc
3gca88v992.example.com,15:00,32.893846153846155
56x0n7pu1o.example.com,15:00,31.88285714285714
8k83n86v9q.example.com,15:00,32.53384615384616
m69r5o347z.example.com,15:00,33.26692307692308
o8i2ra74nx.example.com,15:00,35.69916666666666
