host,_time,CPU_95th_Perc
153lt8728s.example.com,12:00,52.928620689655176
49y0s4e6yi.example.com,12:00,44.76529411764706
