host,_time,CPU_95th_Perc
153lt8728s.example.com,13:00,52.217666666666666
49y0s4e6yi.example.com,13:00,54.23179487179487
