host,_time,CPU_95th_Perc
153lt8728s.example.com,14:00,54.51237288135593
49y0s4e6yi.example.com,14:00,43.314473684210526
