host,_time,CPU_95th_Perc
153lt8728s.example.com,15:00,52.91426229508197
49y0s4e6yi.example.com,15:00,42.999736842105264
