host,_time,CPU_95th_Perc
153lt8728s.example.com,11:00,49.685254237288135
49y0s4e6yi.example.com,11:00,51.18033333333334
