host,_time,CPU_95th_Perc
153lt8728s.example.com,09:00,51.41888888888889
49y0s4e6yi.example.com,09:00,40.69714285714286
dqa331kq4u.example.com,09:00,37.309
