host,_time,CPU_95th_Perc
153lt8728s.example.com,13:00,56.92015625
49y0s4e6yi.example.com,13:00,49.35959183673469
