host,_time,CPU_95th_Perc
153lt8728s.example.com,10:00,51.53955555555556
dqa331kq4u.example.com,10:00,37.48461538461538
e21p71ti2b.example.com,10:00,44.90153846153847
