host,_time,CPU_95th_Perc
153lt8728s.example.com,15:00,52.71842857142857
49y0s4e6yi.example.com,15:00,55.91463414634146
