host,_time,CPU_95th_Perc
153lt8728s.example.com,12:00,50.95903225806452
49y0s4e6yi.example.com,12:00,49.39804347826087
