host,_time,CPU_95th_Perc
153lt8728s.example.com,11:00,48.32
dqa331kq4u.example.com,11:00,36.02666666666667
e21p71ti2b.example.com,11:00,40.42346153846154
